{
    "rmse": 0.6993568575715219,
    "mae": 0.5331359641178025,
    "r2": 0.2794040251091612
}